{"_step":7,"eval/samples_per_second":61.352,"train/epoch":3,"train_runtime":161.4807,"eval/accuracy":0.88,"_runtime":163,"train/learning_rate":1.3333333333333336e-07,"_wandb":{"runtime":163},"eval/runtime":3.2599,"eval/f1":0.8762886597938144,"eval/precision":0.8947368421052632,"total_flos":3.15733266432e+14,"train/global_step":150,"eval/recall":0.8585858585858586,"train_samples_per_second":14.862,"train/grad_norm":4.5679497718811035,"eval/steps_per_second":3.988,"train_steps_per_second":0.929,"_timestamp":1.76486727076621e+09,"eval/roc_auc":0.9265926592659266,"train_loss":0.39509588877360025,"eval/loss":0.3244902491569519,"train/loss":0.2882}