{"train_runtime":263.1906,"train/loss":0.12,"train_loss":0.259728609085083,"eval/runtime":3.2051,"eval/precision":0.8543689320388349,"eval/f1":0.8712871287128713,"_runtime":264,"eval/recall":0.8888888888888888,"train/global_step":250,"_timestamp":1.7648668572409532e+09,"_wandb":{"runtime":264},"eval/samples_per_second":62.401,"eval/loss":0.37455153465270996,"train_samples_per_second":15.198,"eval/roc_auc":0.9260926092609261,"train/learning_rate":8e-08,"train/epoch":5,"train/grad_norm":12.613859176635742,"_step":11,"eval/steps_per_second":4.056,"eval/accuracy":0.87,"total_flos":5.2622211072e+14,"train_steps_per_second":0.95}