{"train_samples_per_second":14.149,"_step":15,"eval/macro_f1":0.5176408341114224,"train_steps_per_second":0.884,"train_runtime":395.7741,"train/loss":0.2198,"_wandb":{"runtime":397},"train/grad_norm":6.707386493682861,"eval/samples_per_second":62.317,"total_flos":7.367307988992e+14,"eval/steps_per_second":4.051,"eval/MAE":0.25,"eval/runtime":3.2094,"_timestamp":1.7648697072579892e+09,"eval/weighted_f1":0.7751009959539371,"eval/accuracy":0.795,"eval/loss":0.6385963559150696,"train/epoch":7,"train_loss":0.5001687758309501,"train/learning_rate":5.714285714285715e-08,"train/global_step":350,"_runtime":397}