{"train/learning_rate":8e-08,"train_runtime":261.0861,"eval/loss":0.6123411059379578,"train_samples_per_second":15.321,"eval/steps_per_second":3.963,"eval/samples_per_second":60.968,"_runtime":263,"train/grad_norm":5.2344441413879395,"train_loss":0.6304066925048828,"eval/accuracy":0.805,"_timestamp":1.764869188271408e+09,"eval/macro_f1":0.5284412317444607,"_wandb":{"runtime":263},"eval/MAE":0.245,"eval/weighted_f1":0.7851879213477629,"total_flos":5.26236284928e+14,"eval/runtime":3.2804,"_step":11,"train/global_step":250,"train_steps_per_second":0.958,"train/epoch":5,"train/loss":0.4053}