{"eval/samples_per_second":59.236,"train_runtime":159.4127,"_step":7,"train/epoch":3,"eval/MAE":0.3,"eval/weighted_f1":0.7535153349475384,"train/learning_rate":1.3333333333333336e-07,"eval/steps_per_second":3.85,"train_steps_per_second":0.941,"_wandb":{"runtime":161},"total_flos":3.157417709568e+14,"_runtime":161,"_timestamp":1.76486881705951e+09,"train/grad_norm":4.147268295288086,"train_samples_per_second":15.055,"eval/loss":0.6593396067619324,"train_loss":0.7531214777628581,"eval/accuracy":0.78,"train/loss":0.5543,"train/global_step":150,"eval/macro_f1":0.4893785310734463,"eval/runtime":3.3763}